{"B2":-81175.75995747576,"B2_hs":68629.13871522022,"B2_reduced":-1.1828176992620922,"sigma":32.0,"kD":0.005542339008559081}
