{"B2":-25067.633189848515,"B2_hs":68629.13871522022,"B2_reduced":-0.3652622436931318,"sigma":32.0,"kD":0.008861239471815868}
