{"B2":-85721.87813331635,"B2_hs":68629.13871522022,"B2_reduced":-1.2490595064732377,"sigma":32.0,"kD":0.005379099863019758}
