{"B2":-104257.1387807345,"B2_hs":68629.13871522022,"B2_reduced":-1.5191380910862704,"sigma":32.0,"kD":0.004802402744812123}
