{"B2":-98373.40623960132,"B2_hs":68629.13871522022,"B2_reduced":-1.4334058110186447,"sigma":32.0,"kD":0.004971598090385583}
