{"B2":-61786.11118248056,"B2_hs":68629.13871522022,"B2_reduced":-0.9002897652390026,"sigma":32.0,"kD":0.006366353123873138}
