{"B2":-105835.58242450941,"B2_hs":68629.13871522022,"B2_reduced":-1.5421377042728024,"sigma":32.0,"kD":0.004758953719485538}
