{"B2":-88553.28932754746,"B2_hs":68629.13871522022,"B2_reduced":-1.290316197832577,"sigma":32.0,"kD":0.005282203258503017}
