{"B2":53301.09871164526,"B2_hs":68629.13871522022,"B2_reduced":0.7766540526294615,"sigma":32.0,"kD":0.05416671233851682}
