{"B2":-106500.66130331565,"B2_hs":68629.13871522022,"B2_reduced":-1.5518286153239522,"sigma":32.0,"kD":0.004740880955148964}
