{"B2":-79360.66868332108,"B2_hs":68629.13871522022,"B2_reduced":-1.156369876833685,"sigma":32.0,"kD":0.005610315657422141}
