{"B2":-104922.52372834031,"B2_hs":68629.13871522022,"B2_reduced":-1.528833461887394,"sigma":32.0,"kD":0.004783990668236492}
