{"B2":-272995.6708500377,"B2_hs":68629.13871522022,"B2_reduced":-3.9778390922672924,"sigma":32.0,"kD":0.002430354910826005}
