{"B2":-152393.6579180766,"B2_hs":68629.13871522022,"B2_reduced":-2.22053869203344,"sigma":32.0,"kD":0.0037564882276122837}
