{"B2":-194653.1011819941,"B2_hs":68629.13871522022,"B2_reduced":-2.8363040076856585,"sigma":32.0,"kD":0.0031535341461355745}
