{"B2":-244985.4000073383,"B2_hs":68629.13871522022,"B2_reduced":-3.5696994686749095,"sigma":32.0,"kD":0.0026474204192472963}
