{"B2":-217674.3645100521,"B2_hs":68629.13871522022,"B2_reduced":-3.1717484524073942,"sigma":32.0,"kD":0.002899962886355749}
