{"B2":-177585.9959895759,"B2_hs":68629.13871522022,"B2_reduced":-2.587618019315049,"sigma":32.0,"kD":0.0033721303711991115}
