{"B2":-280288.9469847509,"B2_hs":68629.13871522022,"B2_reduced":-4.084109931028318,"sigma":32.0,"kD":0.0023795543069121913}
