{"B2":-136056.85522329982,"B2_hs":68629.13871522022,"B2_reduced":-1.9824939926446405,"sigma":32.0,"kD":0.004056308483111478}
