{"B2":-268455.44221690245,"B2_hs":68629.13871522022,"B2_reduced":-3.911683101996525,"sigma":32.0,"kD":0.00246308962365179}
