{"B2":-198209.09428819828,"B2_hs":68629.13871522022,"B2_reduced":-2.8881186329712816,"sigma":32.0,"kD":0.003111508887769792}
