{"B2":-120216.1479732403,"B2_hs":68629.13871522022,"B2_reduced":-1.7516779348212828,"sigma":32.0,"kD":0.00439655947016896}
