{"B2":-268756.89227627934,"B2_hs":68629.13871522022,"B2_reduced":-3.9160755519823507,"sigma":32.0,"kD":0.0024608888848982663}
