{"B2":-231088.69751478723,"B2_hs":68629.13871522022,"B2_reduced":-3.3672096406994183,"sigma":32.0,"kD":0.0027701705845419337}
