{"B2":-251490.94250666988,"B2_hs":68629.13871522022,"B2_reduced":-3.66449218531276,"sigma":32.0,"kD":0.0025936190270157557}
