{"B2":-203450.36053007495,"B2_hs":68629.13871522022,"B2_reduced":-2.964489491472443,"sigma":32.0,"kD":0.003051569618034279}
