{"B2":-233785.91588656922,"B2_hs":68629.13871522022,"B2_reduced":-3.4065109990185753,"sigma":32.0,"kD":0.0027454636300438015}
