{"B2":-169768.0864311705,"B2_hs":68629.13871522022,"B2_reduced":-2.4737027100927347,"sigma":32.0,"kD":0.0034827147550777326}
