{"B2":-174181.15541336502,"B2_hs":68629.13871522022,"B2_reduced":-2.5380058481593037,"sigma":32.0,"kD":0.00341941653078035}
