{"B2":-250582.5745703265,"B2_hs":68629.13871522022,"B2_reduced":-3.6512562923182013,"sigma":32.0,"kD":0.0026009995843862296}
