{"B2":-269216.12558223424,"B2_hs":68629.13871522022,"B2_reduced":-3.922767072735081,"sigma":32.0,"kD":0.0024575437969019923}
