{"B2":-199241.8928161947,"B2_hs":68629.13871522022,"B2_reduced":-2.9031676128554977,"sigma":32.0,"kD":0.00309951221242657}
