{"B2":-182218.68893594376,"B2_hs":68629.13871522022,"B2_reduced":-2.6551213135876384,"sigma":32.0,"kD":0.003309853393434682}
