{"B2":-238702.65704613834,"B2_hs":68629.13871522022,"B2_reduced":-3.4781531797542447,"sigma":32.0,"kD":0.00270154128221612}
