{"B2":-221943.49858724163,"B2_hs":68629.13871522022,"B2_reduced":-3.2339543048646786,"sigma":32.0,"kD":0.0028573562235410426}
