{"B2":131997.63053760715,"B2_hs":32724.923474893676,"B2_reduced":4.033550472283756,"sigma":25.0}
