{"B2":747930.1220756762,"B2_hs":32724.923474893676,"B2_reduced":22.85506099500837,"sigma":25.0}
