{"B2":598490.1387293146,"B2_hs":32724.923474893676,"B2_reduced":18.288511482340727,"sigma":25.0}
