{"B2":418187.5274387884,"B2_hs":32724.923474893676,"B2_reduced":12.778869529202073,"sigma":25.0}
