{"B2":89721.40524886233,"B2_hs":32724.923474893676,"B2_reduced":2.7416841881294522,"sigma":25.0}
