{"B2":979929.6833943827,"B2_hs":32724.923474893676,"B2_reduced":29.944445374980866,"sigma":25.0}
