{"B2":313991.9563768462,"B2_hs":32724.923474893676,"B2_reduced":9.594887414106209,"sigma":25.0}
