{"B2":748078.697327394,"B2_hs":32724.923474893676,"B2_reduced":22.859601120268916,"sigma":25.0}
