{"B2":598207.8919392088,"B2_hs":32724.923474893676,"B2_reduced":18.279886655751834,"sigma":25.0}
