{"B2":1374622.3488048634,"B2_hs":32724.923474893676,"B2_reduced":42.005364805802024,"sigma":25.0}
