{"B2":1374660.1323529123,"B2_hs":32724.923474893676,"B2_reduced":42.00651938598242,"sigma":25.0}
