{"B2":197150.55055966738,"B2_hs":32724.923474893676,"B2_reduced":6.0244770537330625,"sigma":25.0}
