{"B2":94956.04463928685,"B2_hs":32724.923474893676,"B2_reduced":2.901642985113057,"sigma":25.0}
