{"B2":70211.71342456453,"B2_hs":68629.13871522022,"B2_reduced":1.0230598072330657,"sigma":32.0}
