{"B2":-102673.60984518855,"B2_hs":68629.13871522022,"B2_reduced":-1.4960643797562057,"sigma":32.0,"kD":0.004846796333183962}
