{"B2":-102525.6045943843,"B2_hs":68629.13871522022,"B2_reduced":-1.493907784852423,"sigma":32.0,"kD":0.0048509875772769885}
