{"B2":-90802.38539616558,"B2_hs":68629.13871522022,"B2_reduced":-1.3230879346009903,"sigma":32.0,"kD":0.0052076873643060765}
