{"B2":-49804.7077046885,"B2_hs":68629.13871522022,"B2_reduced":-0.72570789371779,"sigma":32.0,"kD":0.007010407570849232}
