{"B2":-102927.04235809726,"B2_hs":68629.13871522022,"B2_reduced":-1.4997571627002018,"sigma":32.0,"kD":0.004839636370968723}
