{"B2":-98342.30941077112,"B2_hs":68629.13871522022,"B2_reduced":-1.4329526969418496,"sigma":32.0,"kD":0.004972524002788958}
