{"B2":-10756.860476368185,"B2_hs":68629.13871522022,"B2_reduced":-0.15673896944859347,"sigma":32.0,"kD":0.010458639332398769}
