{"B2":-71031.76751623576,"B2_hs":68629.13871522022,"B2_reduced":-1.0350088729946818,"sigma":32.0,"kD":0.005944895790744345}
