{"B2":65156.10042729997,"B2_hs":32724.923474893676,"B2_reduced":1.9910237674745752,"sigma":25.0}
