{"B2":20892.613505212437,"B2_hs":32724.923474893676,"B2_reduced":0.6384312409849056,"sigma":25.0,"kD":0.07016969093223398}
