{"B2":34163.76524317007,"B2_hs":32724.923474893676,"B2_reduced":1.0439677657116682,"sigma":25.0}
