{"B2":716979.5759522567,"B2_hs":32724.923474893676,"B2_reduced":21.909281972876673,"sigma":25.0}
