{"B2":958222.2080546007,"B2_hs":32724.923474893676,"B2_reduced":29.281113790525495,"sigma":25.0}
