{"B2":261425.9264735091,"B2_hs":32724.923474893676,"B2_reduced":7.988587862522373,"sigma":25.0}
