{"B2":719871.7599073597,"B2_hs":32724.923474893676,"B2_reduced":21.997660604451532,"sigma":25.0}
