{"B2":372532.23398204247,"B2_hs":32724.923474893676,"B2_reduced":11.383746527867254,"sigma":25.0}
