{"B2":135234.0093250942,"B2_hs":32724.923474893676,"B2_reduced":4.132446923179049,"sigma":25.0}
