{"B2":1362880.7656545653,"B2_hs":32724.923474893676,"B2_reduced":41.64656845416789,"sigma":25.0}
