{"B2":565588.8481751592,"B2_hs":32724.923474893676,"B2_reduced":17.283122101387796,"sigma":25.0}
