{"B2":1361964.6186172124,"B2_hs":32724.923474893676,"B2_reduced":41.6185730628859,"sigma":25.0}
