{"B2":956413.95867314,"B2_hs":32724.923474893676,"B2_reduced":29.225857759664247,"sigma":25.0}
