{"B2":378904.3727886316,"B2_hs":32724.923474893676,"B2_reduced":11.578464746581433,"sigma":25.0}
