{"B2":561520.8523457126,"B2_hs":32724.923474893676,"B2_reduced":17.158813305598937,"sigma":25.0}
