{"B2":-139518.4361041065,"B2_hs":68629.13871522022,"B2_reduced":-2.0329329307634865,"sigma":32.0,"kD":0.003988850383232194}
