{"B2":-218156.48449146684,"B2_hs":68629.13871522022,"B2_reduced":-3.178773456515566,"sigma":32.0,"kD":0.002895087711522227}
