{"B2":-185195.8547755091,"B2_hs":68629.13871522022,"B2_reduced":-2.698501806120398,"sigma":32.0,"kD":0.003271031438506658}
