{"B2":-175474.4469330617,"B2_hs":68629.13871522022,"B2_reduced":-2.5568504897198405,"sigma":32.0,"kD":0.003401300031631744}
