{"B2":-231186.2348109997,"B2_hs":68629.13871522022,"B2_reduced":-3.3686308634925126,"sigma":32.0,"kD":0.002769269380091723}
