{"B2":-159545.766142638,"B2_hs":68629.13871522022,"B2_reduced":-2.3247525632615105,"sigma":32.0,"kD":0.003638741666635691}
