{"B2":-214370.57803759415,"B2_hs":68629.13871522022,"B2_reduced":-3.123608747694398,"sigma":32.0,"kD":0.0029338175426942953}
