{"B2":-94700.14071635719,"B2_hs":68629.13871522022,"B2_reduced":-1.3798824011083657,"sigma":32.0,"kD":0.00508340902792474}
