{"B2":-167187.5882268204,"B2_hs":68629.13871522022,"B2_reduced":-2.436102089530411,"sigma":32.0,"kD":0.0035208254492947325}
