{"B2":-214464.8700983693,"B2_hs":68629.13871522022,"B2_reduced":-3.124982683934024,"sigma":32.0,"kD":0.002932840355988019}
