{"B2":-178802.50788007167,"B2_hs":68629.13871522022,"B2_reduced":-2.605343899506315,"sigma":32.0,"kD":0.0033555510987038047}
