{"B2":-223918.3771517906,"B2_hs":68629.13871522022,"B2_reduced":-3.2627303991231806,"sigma":32.0,"kD":0.002838067283279738}
