{"B2":-224926.65533399594,"B2_hs":68629.13871522022,"B2_reduced":-3.2774220913268266,"sigma":32.0,"kD":0.0028283193533142265}
