{"B2":-182792.72623868435,"B2_hs":68629.13871522022,"B2_reduced":-2.663485651440144,"sigma":32.0,"kD":0.0033022964559551895}
