{"B2":-194428.43413949962,"B2_hs":68629.13871522022,"B2_reduced":-2.8330303684312486,"sigma":32.0,"kD":0.0031562274546091877}
