{"B2":146364.29984861676,"B2_hs":32724.923474893676,"B2_reduced":4.472563548113608,"sigma":25.0}
