{"B2":269781.3535670471,"B2_hs":32724.923474893676,"B2_reduced":8.243910907049834,"sigma":25.0}
