{"B2":77774.57486272704,"B2_hs":32724.923474893676,"B2_reduced":2.3766159429645457,"sigma":25.0}
