{"B2":-180704.47476128556,"B2_hs":68629.13871522022,"B2_reduced":-2.6330575925064004,"sigma":32.0,"kD":0.0033299542809744663}
