{"B2":-270703.51094905805,"B2_hs":68629.13871522022,"B2_reduced":-3.944439869373194,"sigma":32.0,"kD":0.0024467717280030605}
