{"B2":-301500.4967222264,"B2_hs":68629.13871522022,"B2_reduced":-4.393184911926647,"sigma":32.0,"kD":0.002243185776263631}
