{"B2":-256920.6687669106,"B2_hs":68629.13871522022,"B2_reduced":-3.7436091079769303,"sigma":32.0,"kD":0.002550361003154628}
