{"B2":-156092.07240357183,"B2_hs":68629.13871522022,"B2_reduced":-2.2744285492388747,"sigma":32.0,"kD":0.0036946647334862685}
