{"B2":-138852.3026920791,"B2_hs":68629.13871522022,"B2_reduced":-2.0232266540347115,"sigma":32.0,"kD":0.004001656861237296}
