{"B2":-182978.9994078005,"B2_hs":68629.13871522022,"B2_reduced":-2.666199850869181,"sigma":32.0,"kD":0.003299851665294599}
