{"B2":-229112.4154054719,"B2_hs":68629.13871522022,"B2_reduced":-3.338413095291556,"sigma":32.0,"kD":0.0027885578015434363}
