{"B2":-226347.11048759602,"B2_hs":68629.13871522022,"B2_reduced":-3.2981196431275905,"sigma":32.0,"kD":0.0028146996099881133}
