{"B2":-295445.5405674301,"B2_hs":68629.13871522022,"B2_reduced":-4.304957720559411,"sigma":32.0,"kD":0.0022804923847569787}
