{"B2":-156144.14374131916,"B2_hs":68629.13871522022,"B2_reduced":-2.275187284358128,"sigma":32.0,"kD":0.0036938088215509265}
