{"B2":-256742.44610703367,"B2_hs":68629.13871522022,"B2_reduced":-3.7410122130834003,"sigma":32.0,"kD":0.0025517579663279087}
