{"B2":-242566.1340236636,"B2_hs":68629.13871522022,"B2_reduced":-3.5344481741232823,"sigma":32.0,"kD":0.002668001754266948}
