{"B2":-290047.058039487,"B2_hs":68629.13871522022,"B2_reduced":-4.226296052512777,"sigma":32.0,"kD":0.0023148163750457383}
