{"B2":-266068.57326841814,"B2_hs":68629.13871522022,"B2_reduced":-3.8769038669198803,"sigma":32.0,"kD":0.0024806549428324476}
