{"B2":110757.17394389823,"B2_hs":32724.923474893676,"B2_reduced":3.3844899294835735,"sigma":25.0}
