{"B2":69129.62965712512,"B2_hs":32724.923474893676,"B2_reduced":2.1124458766163614,"sigma":25.0}
