{"B2":1365502.5877029384,"B2_hs":32724.923474893676,"B2_reduced":41.726685434437826,"sigma":25.0}
