{"B2":175158.09655470448,"B2_hs":32724.923474893676,"B2_reduced":5.352437162735751,"sigma":25.0}
