{"B2":395150.6199506701,"B2_hs":32724.923474893676,"B2_reduced":12.074913490747406,"sigma":25.0}
