{"B2":291154.33678667987,"B2_hs":32724.923474893676,"B2_reduced":8.897021165230573,"sigma":25.0}
