{"B2":980000.9650754188,"B2_hs":32724.923474893676,"B2_reduced":29.946623582703516,"sigma":25.0}
