{"B2":199747.14487927457,"B2_hs":32724.923474893676,"B2_reduced":6.103823131397668,"sigma":25.0}
