{"B2":418889.74245227216,"B2_hs":32724.923474893676,"B2_reduced":12.800327639379855,"sigma":25.0}
