{"B2":315259.65731881023,"B2_hs":32724.923474893676,"B2_reduced":9.633625501391169,"sigma":25.0}
