{"B2":135957.1882146449,"B2_hs":32724.923474893676,"B2_reduced":4.154545642221295,"sigma":25.0}
