{"B2":963068.2722921615,"B2_hs":32724.923474893676,"B2_reduced":29.429198605491635,"sigma":25.0}
