{"B2":727385.5307547454,"B2_hs":32724.923474893676,"B2_reduced":22.227264528602802,"sigma":25.0}
