{"B2":576019.4071860537,"B2_hs":32724.923474893676,"B2_reduced":17.601856506340546,"sigma":25.0}
