{"B2":-42852.45671557255,"B2_hs":68629.13871522022,"B2_reduced":-0.6244061563032403,"sigma":32.0,"kD":0.007447592854933175}
