{"B2":-88760.42017967044,"B2_hs":68629.13871522022,"B2_reduced":-1.2933343160255282,"sigma":32.0,"kD":0.0052752516711823405}
