{"B2":-7215.962980429954,"B2_hs":68629.13871522022,"B2_reduced":-0.10514430336031062,"sigma":32.0,"kD":0.010946910413788006}
