{"B2":68128.26244339629,"B2_hs":68629.13871522022,"B2_reduced":0.9927016966670332,"sigma":32.0,"kD":1.6576339912519997}
