{"B2":-87877.08657214609,"B2_hs":68629.13871522022,"B2_reduced":-1.2804631999943363,"sigma":32.0,"kD":0.00530502561200002}
