{"B2":-61942.48022537203,"B2_hs":68629.13871522022,"B2_reduced":-0.9025682295446722,"sigma":32.0,"kD":0.006358728951386298}
